Id,Label,timeset,isseed,seedrank,publishedat,channeltitle,channelid,videocategorylabel,viewcount,likecount,dislikecount,dislikelikeratio,favoritecount,commentcount,indegree,outdegree,Degree,modularity_class
rhQVustYV24,Greta Thunberg - Inspiring Others to Take a Stand Against Climate Change | The Daily Show,,yes,10,1568466019,The Daily Show with Trevor Noah,UCwWhs_6x42TyRM4Wstoq8HA,Comedy,4467651,119217,15936,0.133672,0,27765,174,20,194,2
EAmmUIEsN9A,School strike for climate - save the world by changing the rules | Greta Thunberg | TEDxStockholm,,yes,27,1544639959,TEDx Talks,UCsT0YIqwnpJCM-mx7-gSA4Q,Nonprofits & Activism,2372978,91502,8806,0.096238,0,8870,169,0,169,4
H2QxFM9y0tY,The disarming case to act right now on climate change | Greta Thunberg,,yes,33,1550072614,TED,UCAuUUnT6oDeKwE6v1NGQxug,Science & Technology,1731001,51044,8392,0.164407,0,10441,169,14,183,4
rsNskDfd5CM,Greta Thunberg on Whether She’d Meet with the President,,yes,4,1572699610,TheEllenShow,UCp0hYYBW6IMayGgR-WeoCvQ,Entertainment,7859804,225776,42706,0.189152,0,,167,8,175,0
14w8WC1I3S4,Greta Thunberg urges MEPs to ‘panic like the house is on fire’,,yes,72,1555423104,EURACTIV,UCDCgvwyjJqZWYs6j0D2FF6g,News & Politics,651906,11695,3124,0.267123,0,5302,167,29,196,2
KAJsdgTPJpU,WATCH: Greta Thunberg s full speech to world leaders at UN Climate Action Summit,,yes,7,1569257070,PBS NewsHour,UC6ZFN9Tx6xh-skXCuRHCDpQ,News & Politics,3194707,52853,31370,0.593533,0,,163,29,192,0
UgHNg-N-ENI,Piers Reacts to Greta Thunberg s UN Climate Summit Speech | Good Morning Britain,,yes,60,1569330579,Good Morning Britain,UCq18eeL7D9Vd8DhjMcLh9QQ,Entertainment,771416,7461,7164,0.960193,0,,144,18,162,1
BQ4rBLCpEeM,Greta Thunberg on the  gift  of Asperger s in fighting climate change:  We need people who think …,,yes,24,1568121703,CBS This Morning,UC-SJ6nODDmufqBzPBwCvYvQ,News & Politics,562597,7649,3247,0.4245,0,4261,135,41,176,3
TMrtLsQbaok,Greta Thunberg to world leaders:  How dare you? You have stolen my dreams and my childhood,,yes,13,1569252171,Guardian News,UCIRYBXDze5krPDzAEOxFGVA,News & Politics,4787167,62033,42685,0.688101,0,27754,130,29,159,1
KWx44kga7gg,Young boy shields Greta Thunberg from photographers on Capitol Hill,,yes,32,1568785501,Guardian News,UCIRYBXDze5krPDzAEOxFGVA,News & Politics,343923,2064,1388,0.672481,0,1582,127,42,169,1
uRgJ-22S_Rs,Greta Thunberg Is Leading a Global Climate Movement,,yes,28,1555333214,Great Big Story,UCajXeitgFL-rb5-gXI-aG8Q,People & Blogs,570180,30640,4355,0.142134,0,6420,123,21,144,4
8fYQGQSqzrw,Is Greta Thunberg a Force for Change or Inciting Fear? | Good Morning Britain,,yes,99,1569409609,Good Morning Britain,UCq18eeL7D9Vd8DhjMcLh9QQ,Entertainment,494144,3757,2126,0.565877,0,,122,18,140,1
mcY1Io-heqo,‘Hysterical’ Thunberg needs more life experience,,yes,195,1569840816,Sky News Australia,UCO0akufu9MOzyz3nvGIXAAw,News & Politics,1000319,25324,2741,0.108237,0,15002,121,20,141,1
bFvXc14g3AQ,GOLDENE KAMERA award speech of Greta Thunberg,,yes,109,1554473488,GOLDENE KAMERA,UCHwOiBjirjVUv32pzWAuhDw,Entertainment,676875,21941,2981,0.135864,0,4015,117,26,143,4
#NAME?,Nature Now,,yes,23,1568902579,Conservation International,UCam5sCp6mzGBcn8ZBB2RBJg,Nonprofits & Activism,698818,19699,6587,0.334382,0,5212,114,36,150,1
rYxt0BeTrT8,In full: Climate activist Greta Thunberg rebukes world leaders | A New Climate,,yes,2,1569314959,Sky News,UCoMdktPbSTixAyNGwb-UYkQ,News & Politics,3541963,39459,73223,1.855673,0,29357,112,32,144,0
VFkQSGyeCWg,Greta Thunberg full speech at UN Climate Change COP24 Conference,,yes,12,1544911367,Connect4Climate,UCy_asJvBaYI9h4Ih0BDBtpw,Nonprofits & Activism,1610285,21536,3235,0.150214,0,4766,109,28,137,4
QzaQz5yYJHs,A Fox News guest called Greta Thunberg  mentally ill.  The network just apologized.,,yes,47,1569313704,Washington Post,UCHd62-u_v4DvJ8TCFtpi4GA,News & Politics,629205,5601,8687,1.550973,0,11772,105,27,132,1
8RGbAMS2gGg,We re a team : Greta Thunberg visits Barack Obama,,yes,51,1568799209,Guardian News,UCIRYBXDze5krPDzAEOxFGVA,News & Politics,349918,6487,1665,0.256667,0,2098,100,40,140,3
sVeYOPJZ8oc,You re acting like spoiled irresponsible children  - Speech by Greta Thunberg  climate activist,,yes,125,1550750923,European Economic and Social Committee,UC-PChJp7Tweca3oSCPPn0Aw,News & Politics,541027,9085,1634,0.179857,0,39,84,27,111,4
ZyY8yarwI5g,Greta Thunberg  Anna Taylor and Caroline Lucas on the new climate movement | Guardian Live,,yes,94,1556003178,Guardian Supporters,UCVD6kK-I5NodC1s-JMeuYPw,News & Politics,125427,2114,357,0.168874,0,854,82,25,107,4
8x1MJLmkANk,Greta Thunberg hits back at Trump taunt,,yes,93,1569387272,The Star Online,UCpWvshQVx1d7BqCsPnVuNIw,News & Politics,367840,2431,2691,1.106952,0,2668,80,34,114,1
M0a73sP00z4,Former President Obama Meets Climate Activist Greta Thunberg,,yes,52,1568842958,VOA News,UCVSNOxehfALut52NbkfRBaA,News & Politics,126641,1670,1397,0.836527,0,1713,76,41,117,3
2-JJhjIoBKI,16-year-old climate activist Greta Thunberg says meeting with Trump would be a  waste,,yes,49,1565699329,CBS This Morning,UC-SJ6nODDmufqBzPBwCvYvQ,News & Politics,181851,2500,1456,0.5824,0,2446,74,35,109,4
uGlDSFrLX4A,Greta Thunberg urges all to join Friday s climate strike:  See you on the street!,,yes,26,1568695912,Guardian News,UCIRYBXDze5krPDzAEOxFGVA,News & Politics,143347,1853,2535,1.368052,0,2213,72,46,118,3
jTxMkFrba44,Full interview with Greta Thunberg: – Haters should do something useful instead | SVT/TV 2/Skavlan,,yes,124,1569610376,Skavlan,UCHkapYFq5ev4PDAxZQ_PF9Q,Entertainment,75102,1114,443,0.397666,0,1251,71,35,106,1
zKTQW5i9_p8,Greta Thunberg: the speeches that helped spark a climate movement,,yes,29,1569577450,Guardian News,UCIRYBXDze5krPDzAEOxFGVA,News & Politics,222858,3058,2743,0.896991,0,2039,69,47,116,1
icKlNgLuqzU,Greta Thunberg testifies to Congress over climate crisis – watch live,,yes,38,1568825905,Guardian News,UCIRYBXDze5krPDzAEOxFGVA,News & Politics,260222,3232,1671,0.517017,0,,66,35,101,3
#NAME?,Greta Thunberg and George Monbiot make short film on the climate crisis,,yes,17,1568887252,Guardian News,UCIRYBXDze5krPDzAEOxFGVA,News & Politics,803801,24942,2292,0.091893,0,2801,63,35,98,3
GcAUuDwvAyw,Everything Climate Activist Greta Thunberg Said Before Congress | NBC New York,,yes,88,1568843689,NBC New York,UCxCfoSInadl-4i3F70zDt1A,News & Politics,162532,2769,574,0.207295,0,1668,61,36,97,3
6i_rgFSNPFw,Greta Thunberg gives Trump an intense glare,,yes,128,1569316783,The Sun,UCIzXayRP7-P0ANpq-nD-h5g,News & Politics,264341,2290,1607,0.701747,0,3025,59,36,95,1
CMOEcUPGi9c,David Attenborough and Greta Thunberg s plea for the planet,,yes,48,1568900858,World Economic Forum,UCw-kH-Od73XDAt7qtH9uBYA,News & Politics,318704,22557,1373,0.060868,0,4118,57,39,96,3
11FCyUB81rI,Greta Thunberg’s speech at UN climate change conference,,yes,5,1576062386,Channel 4 News,UCTrQ7HXWRRxr7OsOtodr2_w,News & Politics,384950,6485,4777,0.736623,0,6155,55,32,87,0
F8g0zmDvxRw,The First Time with Greta Thunberg,,yes,115,1551903384,Rolling Stone,UC-JblcinswY50lrUdSaRNEg,Entertainment,159277,7609,586,0.077014,0,996,53,28,81,4
8injz0HKeYA,Brendan O Neill on Greta Thunberg  Climate deniers  and Brexit,,yes,196,1558074009,Aron Flam,UCdoBnPAcm0eJpMtzorXIbZQ,Entertainment,52460,1336,81,0.060629,0,751,52,11,63,4
baCpEt9FsR0,Trump mocks Greta Thunberg on Twitter,,yes,129,1576179127,CNN,UCupvZG-5ko_eiXAupbDfxWw,News & Politics,655327,6753,4623,0.684585,0,20239,50,17,67,0
lRSuZM2Znpg,Watch Greta Thunberg s reaction to Trump at the U.N.,,yes,188,1569349153,Washington Post,UCHd62-u_v4DvJ8TCFtpi4GA,News & Politics,210787,1017,1228,1.207473,0,1321,50,29,79,1
kwNWt-iaXx0,Greta Thunberg speaks at Edmonton climate action rally,,yes,62,1571427676,CBC News,UCuFFtHWoLl5fauMMD5Ww2jA,News & Politics,103633,1665,2860,1.717718,0,2712,47,35,82,1
r4_SS3cOJrw,Greta Thunberg denounces world leaders   creative PR  in climate flight at UN summit,,yes,70,1576071157,Global News,UChLtXXpo4Ge1ReTEboVvTDg,News & Politics,94708,1695,1192,0.703245,0,1836,47,41,88,0
43q15ncwzWo,Climate activist Greta Thunberg lashes out at world leaders l ABC News,,yes,34,1569337156,ABC News,UCBi2mrWuNuyYy4gbM6fU18Q,News & Politics,684652,4668,9142,1.95844,0,11030,46,37,83,1
2ToRUiTHy5o,Teen activist Greta Thunberg urges US lawmakers to ‘listen to the scientists’ l ABC News,,yes,39,1568835116,ABC News,UCBi2mrWuNuyYy4gbM6fU18Q,News & Politics,117910,1910,1251,0.654974,0,2850,46,42,88,3
n0bqG1GzlHU,Greta Thunberg delivers speech at Montreal climate change rally,,yes,53,1569615396,CBC News,UCuFFtHWoLl5fauMMD5Ww2jA,News & Politics,251160,5134,3178,0.619011,0,,46,34,80,1
RjsLm5PCdVQ,I want you to panic : 16-year-old issues climate warning at Davos,,yes,69,1548430243,Guardian News,UCIRYBXDze5krPDzAEOxFGVA,News & Politics,404510,5791,1588,0.274219,0,2116,45,26,71,4
UDXKTXuM2TY,The UN is  taking advantage of hysterical teen  Greta Thunberg,,yes,168,1569295795,Sky News Australia,UCO0akufu9MOzyz3nvGIXAAw,News & Politics,527126,23157,3285,0.141858,0,14158,45,30,75,1
DYqtXR8iPlE,Greta Thunberg blasts world leaders in emotional speech at U.N. climate summit:  How dare you,,yes,25,1569252628,Global News,UChLtXXpo4Ge1ReTEboVvTDg,News & Politics,797653,15257,5147,0.337353,0,7319,44,33,77,1
o3FAE4e7Pok,Greta Thunberg to World Leaders:  How Dare You!,,yes,8,1569326998,Bloomberg Markets and Finance,UCIALMKvObZNtJ6AmdCLP7Lg,News & Politics,627564,8275,14132,1.707795,0,13466,41,35,76,0
qWEpTok6AJo,Watch Greta Thunberg’s Impassioned Speech: ‘Change Is Coming Whether You Like It Or Not’ | NBC News,,yes,66,1569255314,NBC News,UCeY0bbntWzzVIaj2z3QigXg,News & Politics,306441,6025,5265,0.873859,0,6699,40,36,76,1
YrZ93Nbo34E,Climate activist Greta Thunberg (16) says her Asperger s has helped | SVT/TV 2/Skavlan,,yes,108,1548078742,Skavlan,UCHkapYFq5ev4PDAxZQ_PF9Q,Entertainment,119028,2312,313,0.135381,0,756,40,21,61,4
U72xkMz6Pxk,Greta Thunberg: Our House Is On Fire | Forum Insight,,yes,54,1568998046,World Economic Forum,UCw-kH-Od73XDAt7qtH9uBYA,News & Politics,71437,2108,473,0.224383,0,1322,39,42,81,3
J1yimNdqhqE,Greta Thunberg speech in Assemblée Nationale,,yes,137,1563896181,Greta Thunberg,UCAgIfWgzZ6QtvB_Oj1SBNnA,Nonprofits & Activism,146931,4774,645,0.135107,0,1163,39,28,67,4
iFvsrttZGXU,Live | Teenage activist Greta Thunberg gives speech at UN Youth Climate Summit,,yes,71,1569076606,euronews (in English),UCSrZ3UV4jOidv8ppoVuvW9Q,News & Politics,62359,644,345,0.535714,0,375,37,41,78,3
75UUiYUx1Fo,Greta Thunberg: The GOP’s Teenage Climate Nemesis | Full Frontal on TBS,,yes,116,1569477183,Full Frontal with Samantha Bee,UC18vz5hUUqxbGvym9ghtX_w,Entertainment,398209,10122,1191,0.117664,0,2395,37,31,68,1
rIDHrBpevrA,Activist Greta Thunberg on how to make sure the word does not  give up  the climate fight,,yes,75,1568405322,Washington Post,UCHd62-u_v4DvJ8TCFtpi4GA,News & Politics,118510,2341,1933,0.825715,0,3109,35,46,81,3
Pw8cQbo1Ilk,Greta Thunberg speaks as she sets sail for U.S. climate summit,,yes,73,1565808864,Channel 4 News,UCTrQ7HXWRRxr7OsOtodr2_w,News & Politics,136700,1888,1348,0.713983,0,3026,34,28,62,4
4oyw4Wo6Kng,Greta Thunberg in the European Parliament committee on environment,,yes,146,1555420764,European Parliament,UCvU4p_w08osQsrNi_I4ZtDA,News & Politics,61950,894,333,0.372483,0,,34,21,55,4
4mD2brweSpQ,Greta Thunberg Says Almost Nothing Is Being Done About Climate Change,,yes,37,1576077419,Bloomberg Markets and Finance,UCIALMKvObZNtJ6AmdCLP7Lg,News & Politics,101733,1576,3214,2.03934,0,4030,32,39,71,0
PumW_ZBO_iw,President Trump Mocks Greta Thunberg On Twitter | TODAY,,yes,83,1576252804,TODAY,UChDKyKQ59fYz3JO2fl0Z6sg,News & Politics,162991,1381,1610,1.165822,0,2984,32,36,68,0
Ml3f0KeZnsY,Greta Thunberg | COP 25 High Level Event on Climate Emergency | Extinction Rebellion,,yes,142,1576112006,Extinction Rebellion,UCYThdLKE6TDwBJh-qDC6ICA,Nonprofits & Activism,46405,1804,409,0.226718,0,,32,27,59,0
vznT5nVOZgw,Greta Thunberg To Congress:  I Want You To Listen To The Scientists  | NBC News,,yes,86,1568825959,NBC News,UCeY0bbntWzzVIaj2z3QigXg,News & Politics,37464,578,234,0.404844,0,556,31,43,74,3
XookjtJ5M0U,Greta Thunberg  is right to be furious  | The Pledge,,yes,152,1569578329,Sky News,UCoMdktPbSTixAyNGwb-UYkQ,News & Politics,14259,118,239,2.025424,0,208,31,33,64,1
oCVQdr9QFwY,Make the World Greta Again (Full Documentary) - Time s 2019 Person of the Year,,yes,154,1558699208,VICE,UCn8zNIfYAQNdrFRrr8oibKw,Entertainment,755692,26666,9450,0.354384,0,11997,31,14,45,2
hKMX8WRw3fc,Greta Thunberg full speech at Extinction Rebellion protest in London,,yes,97,1555931417,Channel 4 News,UCTrQ7HXWRRxr7OsOtodr2_w,News & Politics,58622,1175,502,0.427234,0,1322,30,21,51,4
tALlM6uUWrc,Greta Thunberg at the Global Climate Strike in New York City,,yes,131,1569252925,350.org,UC2Qoew0Eikf_xoXRC_qCvwA,Nonprofits & Activism,71835,1983,487,0.245587,0,0,27,34,61,1
M7dVF9xylaw,Greta Thunberg: Our House Is On Fire! | World Economic Forum 2019,,yes,68,1548412232,World Economic Forum,UCw-kH-Od73XDAt7qtH9uBYA,News & Politics,191420,3472,540,0.15553,0,,26,24,50,4
FwY06xE24Es,Greta Thunberg tells MPs:  Our future was sold,,yes,100,1556047399,Guardian News,UCIRYBXDze5krPDzAEOxFGVA,News & Politics,198885,1952,347,0.177766,0,730,26,38,64,4
rYNM4rsnNFM,Greta Thunberg full speech to UK Parliament | Climate strikes,,yes,143,1556111374,WWF UK,UCOFPJWr7NVoDuwGPOh3MdbQ,Nonprofits & Activism,93319,1342,312,0.232489,0,812,26,25,51,4
tE84D99ZsUM,Greta Thunberg reaches NYC after sailing across the Atlantic,,yes,78,1567042216,CBS News,UC8p1vwvWtl6T73JiExfWs1g,News & Politics,115698,1495,1609,1.076254,0,2005,25,28,53,4
0ZsHtpk0XII,Greta Thunberg Does The Carbon Budget Math,,yes,147,1575579999,The YEARS Project,UCxJf58pbfCYiDOKxRTJI9cA,News & Politics,45463,1929,395,0.204769,0,868,23,28,51,0
qxoLSJLNHUM,This could only be a fantasy : Greta Thunberg on sparking global climate strike movement,,yes,156,1569000055,Guardian News,UCIRYBXDze5krPDzAEOxFGVA,News & Politics,39075,724,260,0.359116,0,431,23,45,68,3
iPKwKQVNy44,Greta Thunberg and First Nations leaders kick off climate rally in Montreal,,yes,106,1569602479,CBC News,UCuFFtHWoLl5fauMMD5Ww2jA,News & Politics,59132,1402,516,0.368046,0,931,22,35,57,1
51m1dNlJC5s,Climate activist Greta Thunberg glares at Donald Trump after giving powerful speech at UN,,yes,135,1569314112,euronews (in English),UCSrZ3UV4jOidv8ppoVuvW9Q,News & Politics,76819,361,253,0.700831,0,469,21,33,54,1
aHhVVdpN3PE,‘How dare you?’: Greta Thunberg chastises world leaders in emotional speech,,yes,177,1569301741,Hindustan Times,UCm7lHFkt2yB_WzL67aruVBQ,News & Politics,259836,7179,3081,0.429168,0,4183,21,35,56,1
itAu7Uw0sn8,Explained: The rise of Greta Thunberg,,yes,18,1568985621,Sky News,UCoMdktPbSTixAyNGwb-UYkQ,News & Politics,308556,3164,5402,1.707332,0,2621,20,38,58,2
N94eP2jKQWw,How dare you : This is Greta Thunberg s passionate cry for climate action | ABC News,,yes,19,1569296237,ABC News (Australia),UCVgO39Bk5sMo66-6o6Spn6Q,News & Politics,163422,3376,4538,1.344194,0,,20,37,57,1
1CnyqLogH0Y,Vladimir Putin criticises Greta Thunberg s UN speech on climate change - BBC News,,yes,15,1570182901,BBC News,UC16niRr50-MSBwiO3YDb3RA,News & Politics,1256672,48072,3278,0.068189,0,8324,19,23,42,2
VDBJMqZ6lWI,Teen climate activist Greta Thunberg speaks at four school strikes in a week,,yes,87,1551482796,Guardian News,UCIRYBXDze5krPDzAEOxFGVA,News & Politics,71389,545,155,0.284404,0,189,19,31,50,4
xgadosxS6Q0,Greta Thunberg to politicians:  We re fighting for everyone s future,,yes,132,1550750676,Guardian News,UCIRYBXDze5krPDzAEOxFGVA,News & Politics,56200,944,159,0.168432,0,360,19,23,42,4
i4hXzw2OnnE,Did President Trump Mock Teen Activist Greta Thunberg?,,yes,50,1569364202,Inside Edition,UC9k-yiEpRHMNVOnOi_aQK8w,News & Politics,1544979,33657,2824,0.083905,0,10642,18,19,37,2
POHRxmKdA_A,Greta Thunberg says she s taking a break,,yes,65,1576334990,CNN,UCupvZG-5ko_eiXAupbDfxWw,News & Politics,271491,3292,3369,1.02339,0,9074,18,20,38,0
M1o3NCPKZ4U,How Dare You? : 16-Year-Old Greta Thunberg Thunders At UN Climate Summit,,yes,76,1569257882,NDTV,UCZFMm1mMw0F81Z37aaEzTUA,Nonprofits & Activism,173403,3392,1343,0.395932,0,1370,18,36,54,1
ZdyBpfYvxs4,Greta Thunberg delivers speech at Vancouver climate strike rally,,yes,90,1572039688,CBC News,UCuFFtHWoLl5fauMMD5Ww2jA,News & Politics,55828,955,1170,1.225131,0,1487,18,37,55,1
7TyDvJvXAeE,People are tired  of the  Greta Thunberg show,,yes,176,1576572314,Sky News Australia,UCO0akufu9MOzyz3nvGIXAAw,News & Politics,178375,5799,358,0.061735,0,3662,18,22,40,0
xVlRompc1yE,Emotional Greta Thunberg attacks world leaders:  How dare you?,,yes,11,1569269141,The Telegraph,UCPgLNge0xqQHWM5B5EFH9Cg,News & Politics,1452435,13883,29462,2.122164,0,0,17,31,48,2
QALmsrs2tks,Teen climate activist Greta Thunberg testifies to U.S. congress,,yes,81,1568821586,Global News,UChLtXXpo4Ge1ReTEboVvTDg,News & Politics,28777,324,256,0.790123,0,436,17,40,57,3
jVyF1lliSLo,Greta Thunberg sails the Atlantic for Climate Action,,yes,92,1568646409,The Global Goals,UCRfuAYy7MesZmgOi1Ezy0ng,Nonprofits & Activism,22812,239,143,0.598326,0,158,17,38,55,3
zbw91tCdC8Y,Greta Thunberg says the Global Climate Strike is ‘much bigger’ than skipping school | GMA,,yes,122,1569015698,Good Morning America,UCH1oRy1dINbMVp3UFWrKP0w,Entertainment,20256,536,181,0.337687,0,470,17,37,54,3
MBWc6R2lJjg,Greta Thunberg Is TIME Magazine s Person Of The Year | TODAY,,yes,139,1576069634,TODAY,UChDKyKQ59fYz3JO2fl0Z6sg,News & Politics,65316,1089,1691,1.552801,0,2165,17,28,45,0
FWsM9-_zrKo,Greta Thunberg s emotional speech to EU leaders,,yes,21,1555433533,Guardian News,UCIRYBXDze5krPDzAEOxFGVA,News & Politics,826298,23161,4824,0.208281,0,4148,16,25,41,4
8Q6OuvySSOc,SNL spotlights  magic  of electoral college  Greta Thunberg,,yes,67,1576435030,Washington Post,UCHd62-u_v4DvJ8TCFtpi4GA,Entertainment,246209,1511,575,0.380543,0,644,16,19,35,0
HtM7ls1Y_BM,Greta Thunberg arrives in Lisbon before travelling to Madrid for #COP25 | LIVE,,yes,96,1575381582,euronews (in English),UCSrZ3UV4jOidv8ppoVuvW9Q,News & Politics,30956,481,314,0.652807,0,668,16,23,39,0
UJM4R01OuXw,Greta Thunberg at Guardian Live:  This is an emergency,,yes,127,1556007882,Guardian Supporters,UCVD6kK-I5NodC1s-JMeuYPw,News & Politics,33632,353,118,0.334278,0,189,16,27,43,4
pWkKyMBrS1k,Climate Activist Greta Thunberg Receives Amnesty International Award,,yes,161,1568676226,QuickTake by Bloomberg,UChirEOpgFCupRAk5etXqPaA,News & Politics,16511,571,116,0.203152,0,521,16,42,58,3
nOnLTGiA3H4,Greta Thunberg Responds To Meat Loaf Calling Her ‘Brainwashed’,,yes,35,1578351192,ET Canada,UCKY5PiEq8Tl9r7f3qittXng,Entertainment,60486,372,262,0.704301,0,844,15,39,54,0
WT8NemS6FmQ,Greta Thunberg sets sail on zero-carbon Atlantic voyage,,yes,157,1565801249,Guardian News,UCIRYBXDze5krPDzAEOxFGVA,News & Politics,103369,696,982,1.41092,0,1074,15,32,47,4
RSBZMYxYyFU,Greta Thunberg speaks ahead of climate march in Madrid as COP25 summit continues,,yes,77,1575649088,Global News,UChLtXXpo4Ge1ReTEboVvTDg,News & Politics,31007,326,415,1.273006,0,554,14,27,41,0
FqI6CAnpqEw,Greta Thunberg s UN speech - News Review,,yes,140,1569334347,BBC Learning English,UCHaHD477h-FeBbVh9Sh7syA,Education,107564,2703,198,0.073252,0,312,14,23,37,1
sSastnh6WVg,Greta Thunberg On Empowering The Youth As Climate Activists | Next Generation Leaders | TIME,,yes,144,1558038605,TIME,UC8Su5vZCXWRag13H53zWVwA,News & Politics,18292,366,118,0.322404,0,106,14,36,50,4
uwY0LB_bs68,Republicans Silent After Trump Mocks Climate Activist Greta Thunberg | The 11th Hour | MSNBC,,yes,150,1576306914,MSNBC,UCaXkIU1QidjPwiAYu6GcHjg,News & Politics,129711,1226,2055,1.676183,0,3820,14,21,35,0
k5qJg2WKMT4,Trump Mocks Greta Thunberg | The View,,yes,180,1576177206,The View,UCeH6qE4V7n5tVwP7NkdrtJg,Entertainment,205586,2409,457,0.189705,0,1966,14,13,27,0
mamMP6g2uzw,Greta Thunberg tells world leaders  You haven t seen the last of us,,yes,3,1579274304,Global News,UChLtXXpo4Ge1ReTEboVvTDg,News & Politics,27456,352,679,1.928977,0,733,13,41,54,0
ujh2ZRMY8lc,REPLAY - Greta Thunberg delivers emotional speech at UN | AFP,,yes,20,1569328645,AFP News Agency,UC86dbj-lbDks_hZ5gRKL49Q,News & Politics,29080,422,359,0.850711,0,326,13,41,54,1
iZ90go6vzJs,It s nice to meet you : Greta Thunberg and David Attenborough speak over Skype,,yes,102,1577702529,Guardian News,UCIRYBXDze5krPDzAEOxFGVA,News & Politics,119853,1385,735,0.530686,0,1236,13,1,14,0
UlRKuUm5P_A,Greta Thunberg Blasts ‘Clever Accounting And Creative PR’ At U.N. Climate Conference | NBC News,,yes,105,1576076133,NBC News,UCeY0bbntWzzVIaj2z3QigXg,News & Politics,15691,177,141,0.79661,0,374,13,4,17,0
KoC_1rOAFX0,Beyond Greta Thunberg: The uprising of youth climate activists,,yes,1,1579280250,Washington Post,UCHd62-u_v4DvJ8TCFtpi4GA,News & Politics,26246,470,1056,2.246809,0,1131,12,28,40,0
SnA2BTk67BQ,She s happy : Greta Thunberg s father says climate activism helped her beat depression,,yes,46,1577701409,Guardian News,UCIRYBXDze5krPDzAEOxFGVA,News & Politics,40581,350,466,1.331429,0,562,12,36,48,0
JT73puKg8cc,Climate activist Greta Thunberg on the power of a movement,,yes,59,1568416621,PBS NewsHour,UC6ZFN9Tx6xh-skXCuRHCDpQ,News & Politics,156972,3271,774,0.236625,0,,12,25,37,4
yKgi8Fh0K6g,TIME 2019 Person Of The Year: Greta Thunberg | TIME,,yes,98,1576072910,TIME,UC8Su5vZCXWRag13H53zWVwA,News & Politics,37635,846,1121,1.325059,0,1294,12,30,42,0
ULmk8mhiClI,Climate activist Greta Thunberg addresses the UN,,yes,120,1569251234,CityNews Toronto,UCVKAcQQCO8vv87Gk62SutAg,News & Politics,165677,1106,2730,2.468354,0,1479,12,36,48,1
7td-nD5WLJk,Pope Francis meets Greta Thunberg  a 16-year-old fighting against climate change,,yes,167,1555516580,ROME REPORTS in English,UCxshhzR907v2w6DjICyAgLQ,News & Politics,18684,217,89,0.410138,0,85,12,31,43,4
wpaw-l1Q3_E,Greta Thunberg s tearful address to the UN | A New Climate,,yes,63,1569271807,Sky News,UCoMdktPbSTixAyNGwb-UYkQ,News & Politics,135491,1198,2518,2.101836,0,1567,11,37,48,1
6otj9QWBnfs,WATCH: Greta Thunberg and other young climate activists go before House subcommittee,,yes,84,1568822124,PBS NewsHour,UC6ZFN9Tx6xh-skXCuRHCDpQ,News & Politics,16653,383,153,0.399478,0,,11,32,43,3
#NAME?,Greta Thunberg s planet-saving mission is  nonsensical climate zeitgeist,,yes,166,1567060652,Sky News Australia,UCO0akufu9MOzyz3nvGIXAAw,News & Politics,140377,5144,864,0.167963,0,3812,11,14,25,2
5VIjT67lmvg,Greta Thunberg: We Must Make World Leaders Protect Our Future,,yes,170,1576262129,QuickTake by Bloomberg,UChirEOpgFCupRAk5etXqPaA,News & Politics,47942,502,1804,3.593626,0,1642,11,32,43,0
KYHE50A3UAA,REPLAY - Greta Thunberg manifeste pour le climat à Lausanne,,yes,197,1579267522,AFP,UCckz6n8QccTd6K_xdwKqa0A,News & Politics,3130,78,23,0.294872,0,105,11,12,23,0
be03-0b7dpg,It was rough : Greta Thunberg makes emissions-free trip across Atlantic,,yes,121,1567044300,Guardian News,UCIRYBXDze5krPDzAEOxFGVA,News & Politics,51809,317,288,0.908517,0,385,10,33,43,4
CAYCUCCktac,We ve become too loud for people to handle : Greta Thunberg to Montreal climate strikers,,yes,136,1569620366,Guardian News,UCIRYBXDze5krPDzAEOxFGVA,News & Politics,87840,1285,1539,1.197665,0,1634,10,37,47,1
HONaO0v1IKE,Greta Thunberg named Time Person of the Year 2019,,yes,158,1576069287,CBS This Morning,UC-SJ6nODDmufqBzPBwCvYvQ,News & Politics,47494,590,2297,3.89322,0,2088,10,27,37,0
qtuvP8En0vU,Fatboy Slim samples Greta Thunberg’s speech to the UN during UK concert,,yes,85,1570585891,Guardian News,UCIRYBXDze5krPDzAEOxFGVA,News & Politics,774154,10286,766,0.07447,0,1044,9,27,36,1
NReml41WXcg,FRIDAYS FOR FUTURE: Greta Thunberg hat klare Worte für  die Führer der Welt,,yes,181,1579337177,WELT Nachrichtensender,UCZMsvbAhhRblVGXmEXW8TSA,News & Politics,7836,114,451,3.95614,0,,9,20,29,0
1kD1zubg3cA,Greta Thunberg sings Swedish Death Metal,,yes,74,1569526620,FridaysForFuture,UC-3DidyGMSVXOtAQuxOQn2w,People & Blogs,1448652,38540,1210,0.031396,0,3950,8,21,29,1
rLYXIeiMiiw,Greta Thunberg speaks about climate strike | USA TODAY,,yes,182,1568995426,USA TODAY,UCP6HGa63sBC7-KHtkme-p-g,News & Politics,31797,402,279,0.69403,0,606,8,36,44,3
F7xCSTV0muE,We will make them hear us : Greta Thunberg s speech to New York climate strike,,yes,30,1569070536,Guardian News,UCIRYBXDze5krPDzAEOxFGVA,News & Politics,276346,5113,3059,0.598279,0,3636,7,44,51,3
2-g2wC3-tak,Sadhguru Speaks About Greta Thunberg & Climate Activism,,yes,58,1571151010,Sadhguru,UCcYzLCs3zrQIBVHYA1sK2sw,Howto & Style,305885,12690,432,0.034043,0,876,7,7,14,1
DMbu9w4pDXE,Greta Thunberg Blasts World Leaders’ Inaction On Climate Change | NBC News,,yes,101,1575423041,NBC News,UCeY0bbntWzzVIaj2z3QigXg,News & Politics,45786,468,973,2.07906,0,1217,7,25,32,0
Hm19Ti0Um4c,Switzerland: Thunberg joins climate protest in Lausanne ahead of Davos summit,,yes,103,1579274086,Ruptly,UC5aeU5hk31cLzq_sAExLVWg,News & Politics,2309,,,,0,60,7,17,24,0
YgxzjLIBx8M,Climate activist Greta Thunberg lands in Lisbon ahead of COP25 climate summit,,yes,113,1575384231,Global News,UChLtXXpo4Ge1ReTEboVvTDg,News & Politics,10476,147,211,1.435374,0,388,7,22,29,0
iTvGwjcBCL8,Greta Thunberg:  We want politicians to listen to the scientists,,yes,134,1550745106,EURACTIV,UCDCgvwyjJqZWYs6j0D2FF6g,News & Politics,28652,434,54,0.124424,0,163,7,36,43,4
TFT0IoP2dTA,Greta Thunberg joins London climate protest: ‘We will never stop fighting’,,yes,151,1555893975,Guardian News,UCIRYBXDze5krPDzAEOxFGVA,News & Politics,58205,554,223,0.402527,0,531,7,24,31,4
wcorTk1ejew,Greta Thunberg à Lausanne pour une marche sur le climat,,yes,6,1579272754,euronews (en français),UCW2QcKZiU8aUGg4yxCIditg,News & Politics,3195,47,27,0.574468,0,14,6,20,26,0
ZhShDuWRCmQ,Climate activists like Greta Thunberg just want to  upend society,,yes,114,1578994402,Sky News Australia,UCO0akufu9MOzyz3nvGIXAAw,News & Politics,22762,919,54,0.05876,0,938,6,22,28,0
B3jTuRKZ7F8,Climate Scientist reacts to Greta Thunberg s speeches | #COP25,,yes,194,1576087508,ClimateAdam,UCCu5wtZ5uOWZp_roz7wHPfg,Science & Technology,9241,298,99,0.332215,0,233,6,31,37,0
h3SmqCcNbU8,Greta Thunberg blasts world leaders:  We will never forgive you,,yes,14,1569259884,CBC News,UCuFFtHWoLl5fauMMD5Ww2jA,News & Politics,140062,2669,2825,1.058449,0,,5,35,40,2
ULWX9bmO_dE,Greta Thunberg à une marche pour le climat en Suisse | AFP Images,,yes,42,1579259823,AFP,UCckz6n8QccTd6K_xdwKqa0A,News & Politics,354,8,2,0.25,0,1,5,22,27,0
57RQcPOFIio,Why fans are calling the 13th Doctor the  Space Greta Thunberg  - BBC,,yes,44,1578916804,BBC,UCCj956IF62FbT7Gouszaj9w,Entertainment,39461,564,782,1.386525,0,609,5,33,38,0
bWvFcR7UtAI,Fatboy Slim Remixes Greta Thunberg Speech | NowThis,,yes,91,1570737602,NowThis News,UCn4sPeUomNGIr26bElVdDYg,News & Politics,327558,6817,325,0.047675,0,637,5,15,20,1
U77UzIIvtHU,Greta Thunberg  Thousands More March in NYC Climate Strike | NBC New York,,yes,117,1569016977,NBC New York,UCxCfoSInadl-4i3F70zDt1A,News & Politics,42745,577,154,0.266898,0,486,5,32,37,3
_pQiCew4P34,Greta Thunberg addresses world leaders at the United Nations,,yes,153,1569284713,CNA,UC83jt4dlz1Gjl58fzQrrKZg,News & Politics,97788,1761,2586,1.468484,0,3642,5,32,37,1
zdYuL0gHJiU,Greta Thunberg speaks ahead of climate strike in Montreal | Live,,yes,175,1569596530,euronews (in English),UCSrZ3UV4jOidv8ppoVuvW9Q,News & Politics,6503,132,113,0.856061,0,302,5,33,38,1
Bk-cctuZz0M,Fans Are Convinced Greta Thunberg Is A Time Traveler For This Reason,,yes,184,1574360811,Access,UCiKGMZZmZXK-RpbKJGXgH3Q,Entertainment,81539,766,194,0.253264,0,491,5,29,34,1
sn7WHwlsOXU,Greta Thunberg addresses EU lawmakers - watch live,,yes,191,1555427665,Guardian News,UCIRYBXDze5krPDzAEOxFGVA,News & Politics,12963,244,46,0.188525,0,54,5,26,31,4
010z950X6mI,Greta Thunberg attends climate demo in Lausanne | AFP,,yes,22,1579289591,AFP News Agency,UC86dbj-lbDks_hZ5gRKL49Q,News & Politics,589,12,13,1.083333,0,6,4,39,43,0
s_WTAa6lV9c,Greta Thunberg joins Lausanne climate march ahead of Davos,,yes,40,1579287309,The Straits Times,UC4p_I9eiRewn2KoU-nawrDg,News & Politics,647,12,11,0.916667,0,9,4,29,33,0
#NAME?,You have woken up the world  David Attenborough tells Greta Thunberg during chat on climate,,yes,55,1577716202,Global News,UChLtXXpo4Ge1ReTEboVvTDg,News & Politics,25651,443,509,1.148984,0,544,4,35,39,0
DDt92x4bIZ4,Greta Thunberg sailing back to Europe,,yes,169,1573674921,CBS News,UC8p1vwvWtl6T73JiExfWs1g,News & Politics,74486,437,2334,5.340961,0,2260,4,30,34,1
JjqnRTYrY5U,Greta Thunberg arrives in New York after 15-day journey across the Atlantic - watch live,,yes,193,1567053822,Guardian News,UCIRYBXDze5krPDzAEOxFGVA,News & Politics,72842,1386,804,0.580087,0,,4,16,20,4
gl99R6FM5s8,The Greta Thunberg Helpline,,yes,198,1569523558,FridaysForFuture,UC-3DidyGMSVXOtAQuxOQn2w,People & Blogs,92251,1797,242,0.134669,0,469,4,24,28,1
ZP_QOcrFunY,Greta Thunberg joins climate protest in Switzerland | AFP,,yes,36,1579258533,AFP News Agency,UC86dbj-lbDks_hZ5gRKL49Q,News & Politics,917,17,16,0.941176,0,10,3,42,45,0
iv0Bb7KFe5o,Vous n avez encore rien vu  lance Greta Thunberg aux dirigeants mondiaux de Davos,,yes,57,1579292874,LeHuffPost,UC9GGzAhhvhJO1hL10-BcgNA,News & Politics,17605,221,49,0.221719,0,218,3,16,19,0
9n_St7PbGkg,Teen Activist Greta Thunberg Leads Global Climate Protest | NBC Nightly News,,yes,61,1569033279,NBC News,UCeY0bbntWzzVIaj2z3QigXg,News & Politics,72946,774,619,0.799742,0,1114,3,37,40,3
W5iHuSFJIEI,Greta Thunberg | A Young Protester Changing The World | Inspiring Women of Goalcast,,yes,112,1552080601,Goalcast,UCc4IYtPKkJLSAHHuJx1GiGQ,Entertainment,109739,4121,203,0.04926,0,460,3,11,14,4
WzSXS3SaFdk,Greta Thunberg s father says she s happy  but he worries about online hate aimed at her,,yes,123,1577756136,Global News,UChLtXXpo4Ge1ReTEboVvTDg,News & Politics,14510,169,333,1.970414,0,382,3,43,46,0
Hq489387cg4,Greta Thunberg speech to UN secretary general António Guterres,,yes,178,1544818366,FridaysForFuture,UC-3DidyGMSVXOtAQuxOQn2w,People & Blogs,10284,94,14,0.148936,0,8,3,23,26,4
zmXOPrCr_F4,Greta Thunberg stares down Donald Trump as he arrives for UN climate summit,,yes,41,1569262827,Guardian News,UCIRYBXDze5krPDzAEOxFGVA,News & Politics,1973351,10010,4825,0.482018,0,6139,2,33,35,2
CAJuX7xed8o,Greta Thunberg at COP24:  You are never too small to make difference,,yes,118,1544435439,UN Climate Change,UCuLEr-GWiwCBB6zBDX3elOQ,News & Politics,10415,108,24,0.222222,0,14,2,26,28,4
HiYbKib8Mvg,Greta Thunberg: Trump is  so extreme  that he helps climate activists | AFP,,yes,138,1573821421,AFP News Agency,UC86dbj-lbDks_hZ5gRKL49Q,News & Politics,3608,75,38,0.506667,0,76,2,34,36,0
9aZLXKRUK10,Teen activist Greta Thunberg declines environmental award,,yes,149,1572468830,CBS News,UC8p1vwvWtl6T73JiExfWs1g,News & Politics,24985,279,271,0.971326,0,445,2,37,39,1
Z1znxp8b65E,Greta Thunberg addressed the COP24 plenary session December 12th,,yes,171,1544829424,FridaysForFuture,UC-3DidyGMSVXOtAQuxOQn2w,People & Blogs,14459,155,10,0.064516,0,17,2,29,31,4
nVfaPV2QQ68,Trump Goes After 16-Year-Old Greta Thunberg on Twitter,,yes,192,1576229402,The Tonight Show Starring Jimmy Fallon,UC8-Th83bH_thdKZDJCrn88g,Comedy,424452,5964,624,0.104628,0,1207,2,9,11,0
X3PMUqgdr6w,Spain: Greta Thunberg warns of  climate emergency  at COP25 in Madrid,,yes,199,1575901960,Ruptly,UC5aeU5hk31cLzq_sAExLVWg,News & Politics,1836,,,,0,30,2,12,14,0
f_v92wMFWJE,Greta Thunberg sees her Asperger s syndrome as a superpower in her climate fight,,yes,43,1569688858,CBC News: The National,UCKjU3KzdbJE1EFcHVqXC3_g,News & Politics,241699,2216,4789,2.161101,0,,1,34,35,1
1wtHeW85Pfg,The Year 2019: Greta Thunberg  the ‘Squad’ and other young newsmakers | ABC News,,yes,64,1577813400,ABC News,UCBi2mrWuNuyYy4gbM6fU18Q,News & Politics,70212,585,906,1.548718,0,1122,1,37,38,2
8meLjb6XIsE,Greta Thunberg joins hundreds of teenagers in climate protest in New York,,yes,79,1567189316,Guardian News,UCIRYBXDze5krPDzAEOxFGVA,News & Politics,116852,1233,1948,1.579886,0,2295,1,27,28,2
hGgzh7cqfaA,Greta Thunberg: If you choose to fail us  we will never forgive you,,yes,107,1569268325,CNN,UCupvZG-5ko_eiXAupbDfxWw,News & Politics,296893,4411,6712,1.52165,0,14561,1,24,25,2
J3yLEW7zW40,Activist Greta Thunberg warns politicians not to be  greatest villains,,yes,119,1563376892,Sky News,UCoMdktPbSTixAyNGwb-UYkQ,News & Politics,16514,293,256,0.87372,0,390,1,32,33,4
DUJhi6D6kJk,Greta Thunberg Wins  Alternative Nobel,,yes,133,1569429345,QuickTake by Bloomberg,UChirEOpgFCupRAk5etXqPaA,News & Politics,95661,998,2693,2.698397,0,2635,1,31,32,1
cJAcuQEVxTY,Greta Thunberg full speech at the EU Parliament in Strasbourg,,yes,160,1555876677,FridaysForFuture,UC-3DidyGMSVXOtAQuxOQn2w,People & Blogs,21279,226,31,0.137168,0,43,1,24,25,4
8BKkSSAlqSc,Climate activist Greta Thunberg speaks after student climate protest in Antwerp - watch live,,yes,164,1551349336,Guardian News,UCIRYBXDze5krPDzAEOxFGVA,News & Politics,8894,113,68,0.60177,0,60,1,20,21,4
BKUu6iKqd-A,Greta Thunberg arrives in New York ahead of UN Summit,,yes,165,1567038802,United Nations,UC5O114-PQNYkurlTg6hekZw,News & Politics,6589,79,47,0.594937,0,30,1,33,34,3
7xj0myujegs,Why Greta Thunberg is Super Cringe - My Views on Climate Change!,,yes,179,1578035750,Xiaxue,UCPSLIJgx-tOkrmS9NkKAy1Q,Entertainment,62390,4610,504,0.109328,0,554,1,25,26,2
LuUm6KDC5zw,Greta Thunberg Becomes TIME’s Person of the Year | The Daily Show,,yes,183,1576332005,The Daily Show with Trevor Noah,UCwWhs_6x42TyRM4Wstoq8HA,Comedy,443554,10771,582,0.054034,0,1487,1,11,12,0
kPcP1WlPGR4,Greta Thunberg s speech in Denver  Colorado | USA TODAY,,yes,185,1570824027,USA TODAY,UCP6HGa63sBC7-KHtkme-p-g,News & Politics,19818,333,313,0.93994,0,341,1,37,38,1
2fycgrYgXpA,Greta Thunberg speech at COP24,,yes,187,1561621868,Greta Thunberg,UCAgIfWgzZ6QtvB_Oj1SBNnA,Nonprofits & Activism,4027,355,175,0.492958,0,67,1,27,28,4
6SxEnQsllyM,Greta Thunberg joins a climate march rally in Switzerland | LIVE,,yes,9,1579255946,euronews (in English),UCSrZ3UV4jOidv8ppoVuvW9Q,News & Politics,4638,114,134,1.175439,0,117,0,40,40,0
u9KxE4Kv9A8,Greta Thunberg (Young Climate Activist) at the Climate Action Summit 2019 - Official Video,,yes,16,1569253537,United Nations,UC5O114-PQNYkurlTg6hekZw,News & Politics,1080852,9370,9578,1.022199,0,5552,0,27,27,1
AY_S7n3jkkU,Teen activist Greta Thunberg delivers emotional speech at UN,,yes,31,1569320188,South China Morning Post,UC4SUWizzKc1tptprBkWjX2Q,News & Politics,692871,8961,10199,1.138154,0,5826,0,42,42,1
Eo_-mxvGnq8,Greta Thunberg full speech at UN Climate Change COP25 - Climate Emergency Event,,yes,45,1576625835,Connect4Climate,UCy_asJvBaYI9h4Ih0BDBtpw,Nonprofits & Activism,2339,64,10,0.15625,0,25,0,37,37,0
Vm4_CQb8-L0,LIVE: Pressekonferenz Greta Thunberg auf der COP25 in Madrid,,yes,56,1575888527,phoenix,UCwyiPnNlT8UABRmGmU0T9jg,News & Politics,23495,,,,0,,0,19,19,0
UJ3Hi8a-0FQ,Greta Thunberg: ‘There’s no more time to wait’ | British GQ,,yes,80,1565593204,British GQ,UCUM0EMVw0nyynzUvwzO4vxQ,Entertainment,50524,874,1406,1.608696,0,980,0,42,42,4
e928xTEVmks,Greta Thunberg gives press conference | LIVE,,yes,82,1575886701,euronews (in English),UCSrZ3UV4jOidv8ppoVuvW9Q,News & Politics,23419,270,508,1.881482,0,483,0,35,35,0
Ae1mUb5EZn0,Greta Thunberg testifies on Climate Change before Congress,,yes,89,1568818055,C-SPAN,UCb--64Gl51jIEVE-GLDAVTg,News & Politics,34559,387,542,1.400517,0,687,0,45,45,3
7YrTjyBDzlU,Greta Thunberg and  Fridays for Future  – a growing student movement | DW Documentary,,yes,95,1572980400,DW Documentary,UCW39zufHfsuGgpLviKh297Q,Education,22543,518,390,0.752896,0,577,0,9,9,4
I2UwMSHgpGk,Greta Thunberg  Swedish environmental activist  gives a speech at Charlotte Climate Strike,,yes,104,1573245068,The Charlotte Observer,UCO6BPX6_ubwGTGHIVdYTpcg,News & Politics,105928,1465,4995,3.409556,0,4587,0,38,38,1
FrynUFpcDMk,Greta Thunberg joins climate strike rally in Los Angeles,,yes,110,1572658120,Guardian News,UCIRYBXDze5krPDzAEOxFGVA,News & Politics,21022,402,402,1,0,254,0,30,30,2
RGf-SBar_r4,16 children  including Greta Thunberg  file landmark climate complaint to UN,,yes,111,1569255111,UNICEF,UCZceliiH71OLw4t4HcvKKjw,Nonprofits & Activism,59624,313,426,1.361022,0,426,0,37,37,1
pVtmaOGKz44,Greta Thunberg Rede COP25 in Madrid,,yes,126,1576069235,phoenix,UCwyiPnNlT8UABRmGmU0T9jg,News & Politics,52614,393,673,1.712468,0,,0,17,17,0
#NAME?,Teen Climate Activist Greta Thunberg Scolds Leaders for Inaction,,yes,130,1569263772,VOA News,UCVSNOxehfALut52NbkfRBaA,News & Politics,149442,1027,3066,2.985394,0,2251,0,46,46,1
vuXaAv7i2ZM,Greta Thunberg and the young activists fighting for their future,,yes,141,1557756771,Dazed,UCJATm9C8Xp8gMBKDIKPnvog,Music,14627,337,36,0.106825,0,61,0,30,30,4
1NLrYu2iSZE,Fridays For Future - In Stockholm with Greta Thunberg,,yes,145,1561393372,Astrid S,UCRWkUp26A4TFJQrjhkn-Vuw,People & Blogs,24122,987,122,0.123607,0,97,0,28,28,4
AFzcOKLWpx0,Greta Thunberg Departs Climate Summit in Electric Car,,yes,148,1575855515,VOA News,UCVSNOxehfALut52NbkfRBaA,News & Politics,56583,279,2041,7.315412,0,1964,0,37,37,0
golAjKMDuVk,Will Franken @ Comedy Unleashed - Climate Change and Greta Thunberg,,yes,155,1558538985,GWPF,UC9mMt7HEFxVa0godNFbV5fg,News & Politics,145860,8321,244,0.029323,0,1046,0,19,19,2
hQ0D-ZSgLis,Greta Thunberg Joins Arnold Schwarzenegger & More To Deliver Speeches On Climate | TIME,,yes,159,1559061511,TIME,UC8Su5vZCXWRag13H53zWVwA,News & Politics,8720,198,47,0.237374,0,50,0,22,22,4
2btUjLPiSQc,Italy: Greta Thunberg joins  Friday for Future  rally in Turin,,yes,162,1576260707,Ruptly,UC5aeU5hk31cLzq_sAExLVWg,News & Politics,6390,,,,0,96,0,25,25,0
jNfgnBcdkJw,Live | Greta Thunberg joins Canada s Montreal climate change march,,yes,163,1569608290,euronews (in English),UCSrZ3UV4jOidv8ppoVuvW9Q,News & Politics,33307,453,257,0.567329,0,558,0,24,24,1
QgaohZv3nPM,Greta Thunberg: Sustainable living should be easier,,yes,172,1575396421,Associated Press,UC52X5wxOL_s5yw0dQk7NtgA,News & Politics,1808,37,77,2.081081,0,,0,20,20,0
ynENV1YOTTw,Edmonton Greta Thunberg mural defaced,,yes,173,1571698523,CityNews Toronto,UCVKAcQQCO8vv87Gk62SutAg,News & Politics,11170,407,24,0.058968,0,285,0,28,28,2
u-z6QPpGCuw,Greta Thunberg #ClimateAction champion visits WHO pollution pods at the United Nations in New York,,yes,174,1569939585,World Health Organization (WHO),UC07-dOwgza1IguKA86jqxNA,Nonprofits & Activism,2963,37,28,0.756757,0,3,0,31,31,1
vCWL44gsb_s,Greta Thunberg - Time s Person of the Year for 2019,,yes,186,1576143001,Behind the News,UCcbE7twlpJfQVF2dO21fB1A,Education,20078,177,312,1.762712,0,25,0,27,27,0
Vwuevd4VG54,How dare you look the other way : Greta Thunberg s UN speech earns worldwide praise,,yes,189,1569314910,FRANCE 24 English,UCQfwfsi5VrQ8yKZ-UWmAEFg,News & Politics,16682,133,155,1.165413,0,144,0,42,42,1
ABIbH-LtpFs,Greta Thunberg X Fat Boy Slim - Right Here  Right Now,,yes,190,1569283815,The Kiffness,UCFy846QdKs3LbLgBpSqPcdg,Music,650540,10670,722,0.067666,0,775,0,15,15,1
WRYPLqQrsMQ,Greta Thunberg - demanding a safe future | UNICEF,,yes,200,1569104136,UNICEF,UCZceliiH71OLw4t4HcvKKjw,Nonprofits & Activism,2508,206,4,0.019417,0,21,0,16,16,1
